,Wetland,Grassland,Forest,Ag
AON,0.026221509,0.012733363,0.016358545,0.029097402
NR,0.115524236,0.0590688,0.08131969,0.126819757
NOA,0.322126103,0.279947598,0.296387123,0.317240206
NF,0.101403681,0.128539494,0.084425703,0.07674876
M,0.434724471,0.519710746,0.52150894,0.450093875
